frame_id,timestamp_sec,timestamp_iso,fps,step_id,step_name,activity,anomaly,instruction,lid_angle_deg,lid_state,wrist_cam_x,wrist_cam_y,wrist_cam_z,wrist_rack_x,wrist_rack_y,wrist_rack_z,elbow_angle_deg,shoulder_angle_deg,body_orientation_deg,rom_violated,container_rack_x,container_rack_y,container_rack_z,container_xmin,container_ymin,container_xmax,container_ymax,component_rack_x,component_rack_y,component_rack_z,component_xmin,component_ymin,component_xmax,component_ymax,component_state,component_is_inside,hand_to_object_dist_m,llm_verified_step,llm_verified_name,llm_confidence,llm_reason
1,1.72,2026-09-11T08:55:11.965558Z,30.0,0,IDLE,IDLE,NONE,System initialized. Please open the primary container box.,14.2,CLOSED,-0.312,-0.447,1.2,-0.234,-1.003,1.512,42.0,100.8,-20.5,0,0.104,-0.701,2.383,844.4,649.9,1275.8,982.1,0.0,0.0,0.0,0.0,0.0,0.0,0.0,DOCKED,1,0.5,0,IDLE,1.0,Deterministic validation consensus.
2,1.826,2026-09-11T08:55:12.071217Z,30.0,0,IDLE,IDLE,NONE,System initialized. Please open the primary container box.,26.0,OPEN,-0.309,-0.448,1.2,-0.275,-1.19,1.793,40.1,97.5,-17.4,0,0.104,-0.701,2.383,844.1,649.2,1275.9,981.7,0.0,0.0,0.0,0.0,0.0,0.0,0.0,DOCKED,1,0.5,0,IDLE,1.0,Deterministic validation consensus.
3,1.93,2026-09-11T08:55:12.175241Z,30.0,0,IDLE,IDLE,NONE,System initialized. Please open the primary container box.,35.2,OPEN,-0.315,-0.441,1.2,-0.296,-1.263,1.91,36.7,98.6,-19.5,0,0.104,-0.7,2.383,844.1,649.4,1276.2,982.8,0.0,0.0,0.0,0.0,0.0,0.0,0.0,DOCKED,1,0.5,0,IDLE,1.0,Deterministic validation consensus.
4,2.023,2026-09-11T08:55:12.268410Z,30.0,0,IDLE,IDLE,NONE,System initialized. Please open the primary container box.,43.1,OPEN,-0.324,-0.44,1.2,-0.31,-1.297,1.966,38.6,97.8,-19.3,0,0.104,-0.701,2.383,844.3,648.7,1275.9,981.3,0.0,0.0,0.0,0.0,0.0,0.0,0.0,DOCKED,1,0.5,0,IDLE,1.0,Deterministic validation consensus.
5,2.118,2026-09-11T08:55:12.363274Z,30.0,0,IDLE,IDLE,NONE,System initialized. Please open the primary container box.,48.9,OPEN,-0.325,-0.438,1.2,-0.319,-1.314,1.994,37.2,99.1,-20.8,0,0.105,-0.699,2.384,845.0,650.8,1275.5,983.6,0.0,0.0,0.0,0.0,0.0,0.0,0.0,DOCKED,1,0.5,0,IDLE,1.0,Deterministic validation consensus.
6,2.211,2026-09-11T08:55:12.456764Z,30.0,0,IDLE,IDLE,NONE,System initialized. Please open the primary container box.,52.2,OPEN,-0.332,-0.43,1.2,-0.325,-1.319,2.01,29.7,105.9,-28.1,0,0.105,-0.7,2.383,844.1,650.1,1276.4,982.4,0.0,0.0,0.0,0.0,0.0,0.0,0.0,DOCKED,1,0.5,0,IDLE,1.0,Deterministic validation consensus.
7,2.33,2026-09-11T08:55:12.575114Z,30.0,1,BOX_OPENED,IDLE,NONE,Container open. Next step: Please extract the red box.,54.1,OPEN,-0.337,-0.42,1.2,-0.332,-1.317,2.021,24.0,112.2,-33.9,0,0.104,-0.701,2.383,844.4,650.3,1275.5,981.7,0.0,0.0,0.0,0.0,0.0,0.0,0.0,DOCKED,1,0.5,1,BOX_OPENED,1.0,Deterministic validation consensus.
8,2.435,2026-09-11T08:55:12.680622Z,30.0,1,BOX_OPENED,IDLE,NONE,Container open. Next step: Please extract the red box.,54.9,OPEN,-0.339,-0.424,1.2,-0.336,-1.317,2.025,25.3,112.4,-34.8,0,0.105,-0.7,2.383,844.4,650.2,1276.0,982.7,0.0,0.0,0.0,0.0,0.0,0.0,0.0,DOCKED,1,0.5,1,BOX_OPENED,1.0,Deterministic validation consensus.
9,2.535,2026-09-11T08:55:12.780809Z,30.0,1,BOX_OPENED,IDLE,NONE,Container open. Next step: Please extract the red box.,55.7,OPEN,-0.344,-0.416,1.2,-0.34,-1.315,2.029,19.2,116.3,-39.4,0,0.104,-0.7,2.383,843.3,650.3,1275.4,982.7,0.0,0.0,0.0,0.0,0.0,0.0,0.0,DOCKED,1,0.5,1,BOX_OPENED,1.0,Deterministic validation consensus.
10,2.63,2026-09-11T08:55:12.875098Z,30.0,1,BOX_OPENED,IDLE,NONE,Container open. Next step: Please extract the red box.,56.5,OPEN,-0.355,-0.407,1.2,-0.348,-1.309,2.034,15.7,122.9,-45.8,0,0.104,-0.7,2.384,844.1,650.4,1276.1,983.2,0.0,0.0,0.0,0.0,0.0,0.0,0.0,DOCKED,1,0.5,1,BOX_OPENED,1.0,Deterministic validation consensus.
11,2.723,2026-09-11T08:55:12.968780Z,30.0,1,BOX_OPENED,IDLE,NONE,Container open. Next step: Please extract the red box.,57.4,OPEN,-0.361,-0.405,1.2,-0.356,-1.305,2.037,17.3,123.7,-46.9,0,0.103,-0.7,2.384,843.5,650.3,1274.8,982.8,0.0,0.0,0.0,0.0,0.0,0.0,0.0,DOCKED,1,0.5,1,BOX_OPENED,1.0,Deterministic validation consensus.
12,2.818,2026-09-11T08:55:13.063115Z,30.0,1,BOX_OPENED,IDLE,NONE,Container open. Next step: Please extract the red box.,57.1,OPEN,-0.368,-0.403,1.2,-0.363,-1.302,2.038,22.4,118.5,-42.6,0,0.104,-0.7,2.383,843.1,651.1,1275.5,981.9,0.0,0.0,0.0,0.0,0.0,0.0,0.0,DOCKED,1,0.5,1,BOX_OPENED,1.0,Deterministic validation consensus.
13,2.908,2026-09-11T08:55:13.153543Z,30.0,1,BOX_OPENED,IDLE,NONE,Container open. Next step: Please extract the red box.,57.9,OPEN,-0.367,-0.401,1.2,-0.365,-1.3,2.04,19.6,121.6,-45.4,0,0.104,-0.7,2.383,842.4,650.6,1276.0,982.2,0.0,0.0,0.0,0.0,0.0,0.0,0.0,DOCKED,1,0.5,1,BOX_OPENED,1.0,Deterministic validation consensus.
14,2.997,2026-09-11T08:55:13.242238Z,30.0,1,BOX_OPENED,IDLE,NONE,Container open. Next step: Please extract the red box.,58.1,OPEN,-0.364,-0.402,1.2,-0.365,-1.299,2.04,17.5,123.0,-47.1,0,0.104,-0.7,2.384,842.6,650.4,1276.4,982.7,0.0,0.0,0.0,0.0,0.0,0.0,0.0,DOCKED,1,0.5,1,BOX_OPENED,1.0,Deterministic validation consensus.
15,3.099,2026-09-11T08:55:13.344717Z,30.0,1,BOX_OPENED,IDLE,NONE,Container open. Next step: Please extract the red box.,59.1,OPEN,-0.368,-0.402,1.2,-0.366,-1.299,2.04,18.5,124.0,-48.3,0,0.104,-0.7,2.383,842.7,649.6,1276.0,983.1,0.0,0.0,0.0,0.0,0.0,0.0,0.0,DOCKED,1,0.5,1,BOX_OPENED,1.0,Deterministic validation consensus.
16,3.222,2026-09-11T08:55:13.467361Z,30.0,1,BOX_OPENED,IDLE,NONE,Container open. Next step: Please extract the red box.,59.3,OPEN,-0.366,-0.404,1.2,-0.367,-1.3,2.04,18.5,124.3,-47.7,0,0.104,-0.7,2.384,842.5,650.2,1276.4,983.4,0.0,0.0,0.0,0.0,0.0,0.0,0.0,DOCKED,1,0.5,1,BOX_OPENED,1.0,Deterministic validation consensus.
17,3.321,2026-09-11T08:55:13.566727Z,30.0,1,BOX_OPENED,IDLE,NONE,Container open. Next step: Please extract the red box.,58.9,OPEN,-0.366,-0.403,1.2,-0.367,-1.3,2.04,16.8,125.8,-49.0,0,0.103,-0.7,2.384,842.3,650.5,1276.0,983.4,0.0,0.0,0.0,0.0,0.0,0.0,0.0,DOCKED,1,0.5,1,BOX_OPENED,1.0,Deterministic validation consensus.
18,3.417,2026-09-11T08:55:13.662280Z,30.0,1,BOX_OPENED,IDLE,NONE,Container open. Next step: Please extract the red box.,58.4,OPEN,-0.368,-0.404,1.2,-0.368,-1.3,2.04,20.3,125.1,-47.7,0,0.103,-0.7,2.384,842.2,649.9,1276.2,983.7,0.0,0.0,0.0,0.0,0.0,0.0,0.0,DOCKED,1,0.5,1,BOX_OPENED,1.0,Deterministic validation consensus.
19,3.51,2026-09-11T08:55:13.755302Z,30.0,1,BOX_OPENED,IDLE,NONE,Container open. Next step: Please extract the red box.,58.5,OPEN,-0.368,-0.404,1.2,-0.369,-1.301,2.039,18.9,125.8,-48.4,0,0.104,-0.7,2.383,842.4,650.2,1276.7,982.4,0.0,0.0,0.0,0.0,0.0,0.0,0.0,DOCKED,1,0.5,1,BOX_OPENED,1.0,Deterministic validation consensus.
20,3.602,2026-09-11T08:55:13.847334Z,30.0,1,BOX_OPENED,IDLE,NONE,Container open. Next step: Please extract the red box.,58.3,OPEN,-0.369,-0.404,1.2,-0.369,-1.301,2.039,18.4,124.6,-48.0,0,0.104,-0.701,2.383,842.8,650.1,1276.4,981.8,0.0,0.0,0.0,0.0,0.0,0.0,0.0,DOCKED,1,0.5,1,BOX_OPENED,1.0,Deterministic validation consensus.
21,3.697,2026-09-11T08:55:13.942463Z,30.0,1,BOX_OPENED,IDLE,NONE,Container open. Next step: Please extract the red box.,58.0,OPEN,-0.368,-0.407,1.2,-0.369,-1.302,2.037,15.3,129.7,-51.7,0,0.104,-0.701,2.383,843.5,649.8,1276.7,982.3,0.0,0.0,0.0,0.0,0.0,0.0,0.0,DOCKED,1,0.5,1,BOX_OPENED,1.0,Deterministic validation consensus.
22,3.804,2026-09-11T08:55:14.049283Z,30.0,1,BOX_OPENED,IDLE,NONE,Container open. Next step: Please extract the red box.,57.7,OPEN,-0.37,-0.404,1.2,-0.369,-1.301,2.037,13.1,132.8,-55.0,0,0.104,-0.7,2.384,844.0,650.6,1275.9,982.4,0.0,0.0,0.0,0.0,0.0,0.0,0.0,DOCKED,1,0.5,1,BOX_OPENED,1.0,Deterministic validation consensus.
23,3.91,2026-09-11T08:55:14.155340Z,30.0,1,BOX_OPENED,IDLE,NONE,Container open. Next step: Please extract the red box.,57.9,OPEN,-0.369,-0.404,1.2,-0.369,-1.3,2.037,11.7,133.4,-55.8,0,0.104,-0.7,2.384,843.9,650.9,1275.0,982.2,0.0,0.0,0.0,0.0,0.0,0.0,0.0,DOCKED,1,0.5,1,BOX_OPENED,1.0,Deterministic validation consensus.
24,4.003,2026-09-11T08:55:14.248664Z,30.0,1,BOX_OPENED,IDLE,NONE,Container open. Next step: Please extract the red box.,57.7,OPEN,-0.372,-0.401,1.2,-0.37,-1.299,2.038,14.0,132.8,-55.0,0,0.105,-0.701,2.383,844.6,650.9,1275.8,981.1,0.0,0.0,0.0,0.0,0.0,0.0,0.0,DOCKED,1,0.5,1,BOX_OPENED,1.0,Deterministic validation consensus.
25,4.097,2026-09-11T08:55:14.342388Z,30.0,1,BOX_OPENED,IDLE,NONE,Container open. Next step: Please extract the red box.,58.0,OPEN,-0.371,-0.4,1.2,-0.371,-1.297,2.039,10.7,135.2,-57.8,0,0.105,-0.7,2.383,843.7,650.6,1276.6,982.0,0.0,0.0,0.0,0.0,0.0,0.0,0.0,DOCKED,1,0.5,1,BOX_OPENED,1.0,Deterministic validation consensus.
26,4.193,2026-09-11T08:55:14.438671Z,30.0,1,BOX_OPENED,IDLE,NONE,Container open. Next step: Please extract the red box.,58.2,OPEN,-0.369,-0.401,1.2,-0.37,-1.297,2.039,9.9,134.3,-57.6,0,0.104,-0.7,2.384,843.4,651.2,1275.5,982.2,0.0,0.0,0.0,0.0,0.0,0.0,0.0,DOCKED,1,0.5,1,BOX_OPENED,1.0,Deterministic validation consensus.
27,4.289,2026-09-11T08:55:14.534692Z,30.0,1,BOX_OPENED,IDLE,NONE,Container open. Next step: Please extract the red box.,58.3,OPEN,-0.371,-0.4,1.2,-0.37,-1.297,2.039,10.3,137.5,-60.6,0,0.104,-0.7,2.383,843.9,650.0,1275.2,982.6,0.0,0.0,0.0,0.0,0.0,0.0,0.0,DOCKED,1,0.5,1,BOX_OPENED,1.0,Deterministic validation consensus.
28,4.389,2026-09-11T08:55:14.633977Z,30.0,1,BOX_OPENED,IDLE,NONE,Container open. Next step: Please extract the red box.,59.4,OPEN,-0.371,-0.398,1.2,-0.371,-1.296,2.04,7.3,140.9,-64.8,0,0.104,-0.7,2.384,843.7,650.4,1275.6,982.8,0.0,0.0,0.0,0.0,0.0,0.0,0.0,DOCKED,1,0.5,1,BOX_OPENED,1.0,Deterministic validation consensus.
29,4.521,2026-09-11T08:55:14.766439Z,30.0,1,BOX_OPENED,IDLE,NONE,Container open. Next step: Please extract the red box.,58.9,OPEN,-0.37,-0.394,1.2,-0.37,-1.293,2.041,11.3,135.1,-58.9,0,0.105,-0.7,2.383,844.4,650.6,1276.5,981.8,0.0,0.0,0.0,0.0,0.0,0.0,0.0,DOCKED,1,0.5,1,BOX_OPENED,1.0,Deterministic validation consensus.
30,4.625,2026-09-11T08:55:14.870429Z,30.0,1,BOX_OPENED,IDLE,NONE,Container open. Next step: Please extract the red box.,58.6,OPEN,-0.362,-0.391,1.2,-0.366,-1.291,2.042,0.9,146.7,-70.2,0,0.104,-0.7,2.384,843.6,650.1,1276.7,983.0,0.0,0.0,0.0,0.0,0.0,0.0,0.0,DOCKED,1,0.5,1,BOX_OPENED,1.0,Deterministic validation consensus.
31,4.75,2026-09-11T08:55:14.995869Z,30.0,1,BOX_OPENED,IDLE,NONE,Container open. Next step: Please extract the red box.,58.2,OPEN,-0.36,-0.388,1.2,-0.363,-1.288,2.044,2.9,149.1,-72.5,0,0.105,-0.699,2.384,844.6,651.7,1276.4,984.1,0.0,0.0,0.0,0.0,0.0,0.0,0.0,DOCKED,1,0.5,1,BOX_OPENED,1.0,Deterministic validation consensus.
32,4.94,2026-09-11T08:55:15.185407Z,30.0,1,BOX_OPENED,IDLE,NONE,Container open. Next step: Please extract the red box.,58.7,OPEN,-0.361,-0.379,1.2,-0.362,-1.283,2.047,0.3,145.0,-68.7,0,0.104,-0.7,2.384,843.7,650.9,1276.4,983.2,0.0,0.0,0.0,0.0,0.0,0.0,0.0,DOCKED,1,0.5,1,BOX_OPENED,1.0,Deterministic validation consensus.
33,5.057,2026-09-11T08:55:15.302557Z,30.0,1,BOX_OPENED,IDLE,NONE,Container open. Next step: Please extract the red box.,58.6,OPEN,-0.361,-0.377,1.2,-0.361,-1.28,2.049,1.1,147.0,-70.4,0,0.104,-0.7,2.384,843.4,651.8,1276.3,982.2,0.0,0.0,0.0,0.0,0.0,0.0,0.0,DOCKED,1,0.5,1,BOX_OPENED,1.0,Deterministic validation consensus.
34,5.153,2026-09-11T08:55:15.398205Z,30.0,1,BOX_OPENED,IDLE,NONE,Container open. Next step: Please extract the red box.,59.0,OPEN,-0.361,-0.377,1.2,-0.361,-1.278,2.05,1.1,147.5,-71.3,0,0.104,-0.7,2.383,843.5,650.8,1275.8,981.8,0.0,0.0,0.0,0.0,0.0,0.0,0.0,DOCKED,1,0.5,1,BOX_OPENED,1.0,Deterministic validation consensus.
35,5.247,2026-09-11T08:55:15.492653Z,30.0,1,BOX_OPENED,IDLE,NONE,Container open. Next step: Please extract the red box.,59.3,OPEN,-0.358,-0.37,1.2,-0.359,-1.274,2.052,4.5,149.8,-73.8,0,0.104,-0.699,2.384,844.0,651.7,1276.0,983.1,0.0,0.0,0.0,0.0,0.0,0.0,0.0,DOCKED,1,0.5,1,BOX_OPENED,1.0,Deterministic validation consensus.
36,5.337,2026-09-11T08:55:15.582784Z,30.0,1,BOX_OPENED,IDLE,NONE,Container open. Next step: Please extract the red box.,59.4,OPEN,-0.358,-0.374,1.2,-0.359,-1.274,2.052,1.7,149.4,-73.3,0,0.104,-0.699,2.384,843.9,652.3,1275.6,982.5,0.0,0.0,0.0,0.0,0.0,0.0,0.0,DOCKED,1,0.5,1,BOX_OPENED,1.0,Deterministic validation consensus.
37,5.427,2026-09-11T08:55:15.672746Z,30.0,1,BOX_OPENED,IDLE,NONE,Container open. Next step: Please extract the red box.,59.8,OPEN,-0.358,-0.37,1.2,-0.358,-1.272,2.053,0.8,150.7,-74.1,0,0.104,-0.699,2.384,843.3,652.0,1276.7,982.6,0.0,0.0,0.0,0.0,0.0,0.0,0.0,DOCKED,1,0.5,1,BOX_OPENED,1.0,Deterministic validation consensus.
38,5.52,2026-09-11T08:55:15.765599Z,30.0,1,BOX_OPENED,IDLE,NONE,Container open. Next step: Please extract the red box.,60.5,OPEN,-0.353,-0.38,1.2,-0.355,-1.276,2.051,3.2,151.9,-75.9,0,0.104,-0.699,2.384,843.6,652.1,1276.3,983.3,0.0,0.0,0.0,0.0,0.0,0.0,0.0,DOCKED,1,0.5,1,BOX_OPENED,1.0,Deterministic validation consensus.
39,5.618,2026-09-11T08:55:15.863711Z,30.0,1,BOX_OPENED,IDLE,NONE,Container open. Next step: Please extract the red box.,60.2,OPEN,-0.35,-0.375,1.2,-0.352,-1.276,2.051,2.3,151.0,-74.0,0,0.103,-0.699,2.384,842.3,652.6,1275.7,983.0,0.0,0.0,0.0,0.0,0.0,0.0,0.0,DOCKED,1,0.5,1,BOX_OPENED,1.0,Deterministic validation consensus.
40,5.72,2026-09-11T08:55:15.965581Z,30.0,1,BOX_OPENED,IDLE,NONE,Container open. Next step: Please extract the red box.,60.2,OPEN,-0.34,-0.384,1.2,-0.346,-1.279,2.049,5.7,153.4,-76.7,0,0.103,-0.7,2.384,841.6,651.1,1276.6,983.0,0.0,0.0,0.0,0.0,0.0,0.0,0.0,DOCKED,1,0.5,1,BOX_OPENED,1.0,Deterministic validation consensus.
41,5.824,2026-09-11T08:55:16.069089Z,30.0,1,BOX_OPENED,IDLE,NONE,Container open. Next step: Please extract the red box.,60.2,OPEN,-0.327,-0.343,1.2,-0.336,-1.263,2.058,34.8,143.8,-67.1,0,0.103,-0.7,2.383,841.4,650.8,1276.3,981.6,0.0,0.0,0.0,0.0,0.0,0.0,0.0,DOCKED,1,0.5,1,BOX_OPENED,1.0,Deterministic validation consensus.
42,5.926,2026-09-11T08:55:16.171034Z,30.0,1,BOX_OPENED,IDLE,NONE,Container open. Next step: Please extract the red box.,60.2,OPEN,-0.316,-0.349,1.2,-0.325,-1.256,2.063,34.0,146.2,-68.6,0,0.103,-0.7,2.383,841.4,650.5,1276.1,981.7,0.0,0.0,0.0,0.0,0.0,0.0,0.0,DOCKED,1,0.5,1,BOX_OPENED,1.0,Deterministic validation consensus.
43,6.025,2026-09-11T08:55:16.270115Z,30.0,1,BOX_OPENED,IDLE,NONE,Container open. Next step: Please extract the red box.,60.5,OPEN,-0.308,-0.356,1.2,-0.316,-1.257,2.062,28.3,146.1,-68.1,0,0.103,-0.7,2.383,841.3,651.3,1276.9,981.6,0.0,0.0,0.0,0.0,0.0,0.0,0.0,DOCKED,1,0.5,1,BOX_OPENED,1.0,Deterministic validation consensus.
44,6.12,2026-09-11T08:55:16.365592Z,30.0,1,BOX_OPENED,IDLE,NONE,Container open. Next step: Please extract the red box.,60.9,OPEN,-0.307,-0.355,1.2,-0.311,-1.258,2.062,26.7,143.1,-64.8,0,0.103,-0.7,2.383,841.9,651.8,1275.7,980.9,0.0,0.0,0.0,0.0,0.0,0.0,0.0,DOCKED,1,0.5,1,BOX_OPENED,1.0,Deterministic validation consensus.
45,6.212,2026-09-11T08:55:16.457419Z,30.0,1,BOX_OPENED,IDLE,NONE,Container open. Next step: Please extract the red box.,60.7,OPEN,-0.299,-0.346,1.2,-0.305,-1.254,2.064,35.0,145.3,-67.2,0,0.104,-0.7,2.384,842.8,651.7,1275.9,981.6,0.0,0.0,0.0,0.0,0.0,0.0,0.0,DOCKED,1,0.5,1,BOX_OPENED,1.0,Deterministic validation consensus.
